{"cameraMode":{"drawMode":0,"name":"Shaded","section":"Shading Mode"},"sceneLighting":false,"audioPlay":false,"sceneViewState":{"m_AlwaysRefresh":false,"showFog":true,"showSkybox":false,"showFlares":true,"showImageEffects":true,"showParticleSystems":true,"showVisualEffectGraphs":true,"m_FxEnabled":true},"in2DMode":false,"pivot":{"x":138.79803466796876,"y":134.90505981445313,"z":-0.0000457763671875},"rotation":{"x":0.16304592788219453,"y":-0.33114394545555117,"z":0.0582079216837883,"w":0.9275696873664856},"size":244.3246612548828,"orthographic":true}