{"cameraMode":{"drawMode":0,"name":"Shaded","section":"Shading Mode"},"sceneLighting":false,"audioPlay":false,"sceneViewState":{"m_AlwaysRefresh":false,"showFog":true,"showSkybox":false,"showFlares":true,"showImageEffects":true,"showParticleSystems":true,"showVisualEffectGraphs":true,"m_FxEnabled":true},"in2DMode":false,"pivot":{"x":0.25006160140037539,"y":0.36552566289901736,"z":5.671999931335449},"rotation":{"x":0.0008910878677852452,"y":0.12566721439361573,"z":-0.00011385328252799809,"w":0.9920746684074402},"size":0.39682215452194216,"orthographic":true}