{"cameraMode":{"drawMode":0,"name":"Shaded","section":"Shading Mode"},"sceneLighting":false,"audioPlay":false,"sceneViewState":{"m_AlwaysRefresh":false,"showFog":true,"showSkybox":false,"showFlares":true,"showImageEffects":true,"showParticleSystems":true,"showVisualEffectGraphs":true,"m_FxEnabled":true},"in2DMode":false,"pivot":{"x":0.44631004333496096,"y":0.3544650077819824,"z":6.947418689727783},"rotation":{"x":0.14694128930568696,"y":-0.31030794978141787,"z":0.04861266165971756,"w":0.9379540085792542},"size":0.23090752959251405,"orthographic":true}