{"cameraMode":{"drawMode":0,"name":"Shaded","section":"Shading Mode"},"sceneLighting":false,"audioPlay":false,"sceneViewState":{"m_AlwaysRefresh":false,"showFog":true,"showSkybox":false,"showFlares":true,"showImageEffects":true,"showParticleSystems":true,"showVisualEffectGraphs":true,"m_FxEnabled":true},"in2DMode":false,"pivot":{"x":0.3720000088214874,"y":0.16664844751358033,"z":0.6780002117156982},"rotation":{"x":-0.02327260933816433,"y":-0.6488730311393738,"z":-0.019863566383719446,"w":0.7602843046188355},"size":0.18469253182411195,"orthographic":true}