{"cameraMode":{"drawMode":0,"name":"Shaded","section":"Shading Mode"},"sceneLighting":false,"audioPlay":false,"sceneViewState":{"m_AlwaysRefresh":false,"showFog":true,"showSkybox":false,"showFlares":true,"showImageEffects":true,"showParticleSystems":true,"showVisualEffectGraphs":true,"m_FxEnabled":true},"in2DMode":false,"pivot":{"x":18.809999465942384,"y":-0.7862812280654907,"z":-1.2100000381469727},"rotation":{"x":0.16304592788219453,"y":-0.33114394545555117,"z":0.0582079216837883,"w":0.9275696873664856},"size":5.495763301849365,"orthographic":true}